New Server,Old Server
2023-0101,2023-0101
2023-0286,2023-0286
2023-0263,2023-0263
2023-0066,2023-0066
2023-0214,2023-0031
2023-0031,2023-0033
2023-0033,2023-0030
2023-0030,2023-0104
2023-0104,2023-0142
2023-0142,2023-0281
2023-0281,2023-0089
2023-0288,2023-0235
2023-0089,2023-0237
2023-0235,2023-0291
2023-0237,2023-0297
2023-0294,2023-0042
2023-0042,2023-0037
2023-0037,2023-0034
2023-0034,2023-0112
2023-0112,2023-0215
2023-0215,2023-0282
2023-0282,2023-0036
2023-0036,2023-0238
2023-0238,2023-0085
2023-0085,2023-0038
2023-0038,2023-0163
2023-0163,2023-0099
2023-0099,2023-0060
2023-0060,2023-0201
2023-0043,2023-0043
2023-0265,2023-0265
2023-0201,2023-0086
2023-0086,2023-0072
2023-0072,2023-0210
2023-0210,2023-0219
2023-0219,2023-0109
2023-0295,2023-0068
2023-0109,2023-0134
2023-0068,2023-0083
2023-0134,2023-0087
2023-0087,2023-0073
2023-0083,2023-0226
2023-0073,2023-0171
2023-0226,2023-0069
2023-0171,2023-0092
2023-0296,2023-0062
2023-0069,2023-0067
2023-0092,2023-0138
2023-0062,2023-0137
2023-0067,2023-0118
2023-0138,2023-0075
2023-0137,2023-0044
2023-0118,2023-0202
2023-0075,2023-0193
2023-0044,2023-0152
2023-0202,2023-0045
2023-0193,2023-0064
2023-0152,2023-0071
2023-0045,2023-0120
2023-0064,2023-0103
2023-0071,2023-0189
2023-0120,2023-0090
2023-0103,2023-0088
2023-0189,2023-0110
2023-0090,2023-0048
2023-0088,2023-0049
2023-0110,2023-0050
2023-0048,2023-0084
2023-0049,2023-0170
2023-0050,2023-0091
2023-0084,2023-0076
2023-0170,2023-0266
2023-0091,2023-0153
2023-0076,2023-0139
2023-0153,2023-0095
2023-0266,2023-0190
2023-0139,2023-0218
2023-0095,2023-0056
2023-0190,2023-0080
2023-0218,2023-0054
2023-0056,2023-0052
2023-0080,2023-0053
2023-0054,2023-0154
2023-0052,2023-0203
2023-0053,2023-0055
2023-0154,2023-0243
2023-0203,2023-0057
2023-0055,2023-0182
2023-0243,2023-0077
2023-0057,2023-0117
2023-0182,2023-0096
2023-0077,2023-0140
2023-0117,2023-0074
2023-0096,2023-0093
2023-0140,2023-0127
2023-0074,2023-0172
2023-0093,2023-0119
2023-0127,2023-0155
2023-0172,2023-0194
2023-0119,2023-0180
2023-0155,2023-0183
2023-0194,2023-0292
2023-0180,2023-0070
2023-0183,2023-0100
2023-0070,t
2023-0100,2023-0102
t,2023-0173
2023-0102,2023-0283
2023-0173,2023-0191
2023-0283,2023-0041
2023-0191,2023-0094
2023-0041,2023-0032
2023-0094,2023-0078
2023-0032,2023-0081
2023-0078,2023-0192
2023-0081,2023-0046
2023-0192,2023-0105
2023-0046,2023-0164
2023-0105,2023-0146
2023-0164,2023-0132
2023-0146,2023-0284
2023-0132,2023-0039
2023-0284,2023-0130
2023-0039,2023-0061
2023-0135,2023-0108
2023-0130,2023-0125
2023-0061,2023-0143
2023-0108,2023-0151
2023-0125,2023-0246
2023-0143,2023-0113
2023-0151,2023-0047
2023-0246,2023-0063
2023-0150,2023-0114
2023-0113,2023-0156
2023-0047,2023-0188
2023-0063,2023-0144
2023-0114,2023-0116
2023-0156,2023-0028
2023-0188,2023-0261
2023-0144,2023-0228
2023-0116,2023-0264
2023-0028,2023-0111
2023-0228,2023-0097
2023-0264,2023-0098
2023-0111,2023-0268
2023-0097,2023-0123
2023-0098,2023-0040
2023-0123,2023-0149
2023-0268,2023-0158
2023-0040,2023-0161
2023-0149,2023-0065
2023-0158,2023-0106
2023-0161,2023-0197
2023-0065,2023-0269
2023-0106,2023-0186
2023-0197,2023-0128
2023-0269,2023-0129
2023-0186,2023-0174
2023-0128,2023-0176
2023-0129,2023-0179
2023-0174,2023-0141
2023-0176,2023-0035
2023-0179,2023-0159
2023-0141,2023-0177
2023-0035,2023-0181
2023-0159,2023-0200
2023-0177,2023-0227
2023-0181,2023-0160
2023-0200,t
2023-0227,2023-0051
2023-0160,2023-0178
t,2023-0251
2023-0051,2023-0145
2023-0178,2023-0230
2023-0251,2023-0167
2023-0270,2023-0198
2023-0145,2023-0187
2023-0230,2023-0185
2023-0167,2023-0220
2023-0195,2023-0195
2023-0198,2023-0206
2023-0187,2023-0148
2023-0185,2023-0168
2023-0220,2023-0147
2023-0206,2023-0175
2023-0148,2023-0165
2023-0168,2023-0199
2023-0147,2023-0221
2023-0175,2023-0166
2023-0165,2023-0126
2023-0199,2023-0121
2023-0221,2023-0245
2023-0166,2023-0207
2023-0126,2023-0115
2023-0121,2023-0271
2023-0245,2023-0184
2023-0207,2023-0136
2023-0115,2023-0157
2023-0271,2023-0208
2023-0184,2023-0211
2023-0136,2023-0212
2023-0157,2023-0196
2023-0208,2023-0213
2023-0211,2023-0082
2023-0212,2023-0216
2023-0196,2023-0223
2023-0213,2023-0209
2023-0082,2023-0231
2023-0216,2023-0225
2023-0223,2023-0202
2023-0209,2023-0253
2023-0231,2023-0248
2023-0225,2023-0244
2023-0202,2023-0273
2023-0253,2023-0224
2023-0248,2023-0131
2023-0244,2023-0205
2023-0273,2023-0249
2023-0224,2023-0232
2023-0131,2023-0274
2023-0205,2023-0239
2023-0232,2023-0258
2023-0274,2023-0217
2023-0239,2023-0233
2023-0249,2023-0236
2023-0258,2023-0240
2023-0217,2023-0247
2023-0233,2023-0287
2023-0236,2023-0257
2023-0240,2023-0256
2023-0287,2023-0259
2023-0247,2023-0234
2023-0298,2023-0222
2023-0257,2023-0122
2023-0256,2023-0204
2023-0259,2023-0133
2023-0234,2023-0250
2023-0222,2023-0288
2023-0122,2023-0279
2023-0204,2023-0270
2023-0133,2023-0079
2023-0250,2023-0241
2023-0279,2023-0242
,2023-0162
2023-0241,2023-0059
2023-0242,2023-0260
2023-0162,2023-0280
2023-0059,2023-0293
2023-0290,2023-0252
2023-0260,2023-0029
2023-0280,2023-0255
2023-0252,2023-0296
2023-0029,2023-0254
2023-0255,2023-0295
2023-0254,2023-0229
2023-0261,2023-0294
2023-0289,2023-0298
2023-0291,2023-0289
2023-0267,2023-0267
2023-0262,2023-0150
2023-0169,2023-0262
2023-0285,2023-0169
2023-0292,2023-0285
2023-0079,2023-0214
2023-0229,2023-0272
2023-0272,2023-0290
2023-0107,2023-0107
2023-0293,2023-0135